house_id,floor,district,kind,name,price_col,rent_col_per_week,footprint
1,1,Hearthgate,cottage,Hearthgate cottage 1,13500,750,4x5 to 7x7
2,1,Hearthgate,cottage,Hearthgate cottage 2,18000,1000,4x5 to 7x7
3,1,Hearthgate,cottage,Hearthgate cottage 3,25200,1400,4x5 to 7x7
4,1,Hearthgate,cottage,Hearthgate cottage 4,13500,750,4x5 to 7x7
5,1,Hearthgate,cottage,Hearthgate cottage 5,18000,1000,4x5 to 7x7
6,1,Hearthgate,cottage,Hearthgate cottage 6,25200,1400,4x5 to 7x7
7,1,Hearthgate,cottage,Hearthgate cottage 7,13500,750,4x5 to 7x7
8,1,Hearthgate,cottage,Hearthgate cottage 8,18000,1000,4x5 to 7x7
9,1,Hearthgate,cottage,Hearthgate cottage 9,25200,1400,4x5 to 7x7
10,1,Hearthgate,cottage,Hearthgate cottage 10,13500,750,4x5 to 7x7
11,1,Hearthgate,cottage,Hearthgate cottage 11,18000,1000,4x5 to 7x7
12,1,Hearthgate,cottage,Hearthgate cottage 12,25200,1400,4x5 to 7x7
13,1,Hearthgate,cottage,Hearthgate cottage 13,13500,750,4x5 to 7x7
14,1,Hearthgate,cottage,Hearthgate cottage 14,18000,1000,4x5 to 7x7
15,1,Hearthgate,cottage,Hearthgate cottage 15,25200,1400,4x5 to 7x7
16,1,Hearthgate,cottage,Hearthgate cottage 16,13500,750,4x5 to 7x7
17,1,Hearthgate,cottage,Hearthgate cottage 17,18000,1000,4x5 to 7x7
18,1,Hearthgate,cottage,Hearthgate cottage 18,25200,1400,4x5 to 7x7
19,1,Hearthgate,cottage,Hearthgate cottage 19,13500,750,4x5 to 7x7
20,1,Hearthgate,cottage,Hearthgate cottage 20,18000,1000,4x5 to 7x7
21,1,Hearthgate,cottage,Hearthgate cottage 21,25200,1400,4x5 to 7x7
22,1,Hearthgate,cottage,Hearthgate cottage 22,13500,750,4x5 to 7x7
23,1,Hearthgate,cottage,Hearthgate cottage 23,18000,1000,4x5 to 7x7
24,1,Hearthgate,cottage,Hearthgate cottage 24,25200,1400,4x5 to 7x7
25,1,Hearthgate,inn room,Hearthgate inn room 1,4500,300,3x3
26,1,Hearthgate,inn room,Hearthgate inn room 2,6000,400,3x3
27,1,Hearthgate,inn room,Hearthgate inn room 3,8400,560,3x3
28,1,Hearthgate,inn room,Hearthgate inn room 4,4500,300,3x3
29,1,Hearthgate,inn room,Hearthgate inn room 5,6000,400,3x3
30,1,Hearthgate,inn room,Hearthgate inn room 6,8400,560,3x3
31,1,Hearthgate,inn room,Hearthgate inn room 7,4500,300,3x3
32,1,Hearthgate,inn room,Hearthgate inn room 8,6000,400,3x3
33,1,Millcross,cottage,Millcross cottage 1,9000,600,5x5
34,1,Millcross,cottage,Millcross cottage 2,12000,800,5x5
35,1,Millcross,cottage,Millcross cottage 3,16800,1120,5x5
36,1,Millcross,cottage,Millcross cottage 4,9000,600,5x5
37,1,Millcross,cottage,Millcross cottage 5,12000,800,5x5
38,1,Millcross,cottage,Millcross cottage 6,16800,1120,5x5
39,2,Highrest,house,Highrest house 1,33800,1880,5x6 to 8x8
40,2,Highrest,house,Highrest house 2,45000,2500,5x6 to 8x8
41,2,Highrest,house,Highrest house 3,63000,3500,5x6 to 8x8
42,2,Highrest,house,Highrest house 4,33800,1880,5x6 to 8x8
43,2,Highrest,house,Highrest house 5,45000,2500,5x6 to 8x8
44,2,Highrest,house,Highrest house 6,63000,3500,5x6 to 8x8
45,2,Highrest,house,Highrest house 7,33800,1880,5x6 to 8x8
46,2,Highrest,house,Highrest house 8,45000,2500,5x6 to 8x8
47,2,Highrest,house,Highrest house 9,63000,3500,5x6 to 8x8
48,2,Highrest,house,Highrest house 10,33800,1880,5x6 to 8x8
49,2,Highrest,house,Highrest house 11,45000,2500,5x6 to 8x8
50,2,Highrest,house,Highrest house 12,63000,3500,5x6 to 8x8
51,2,Highrest,house,Highrest house 13,33800,1880,5x6 to 8x8
52,2,Highrest,house,Highrest house 14,45000,2500,5x6 to 8x8
53,2,Highrest,house,Highrest house 15,63000,3500,5x6 to 8x8
54,2,Highrest,house,Highrest house 16,33800,1880,5x6 to 8x8
55,2,Highrest,house,Highrest house 17,45000,2500,5x6 to 8x8
56,2,Highrest,house,Highrest house 18,63000,3500,5x6 to 8x8
57,2,Highrest,house,Highrest house 19,33800,1880,5x6 to 8x8
58,2,Highrest,house,Highrest house 20,45000,2500,5x6 to 8x8
59,3,Rootwell,treehouse,Rootwell treehouse 1,52500,3000,5x6 to 8x8
60,3,Rootwell,treehouse,Rootwell treehouse 2,70000,4000,5x6 to 8x8
61,3,Rootwell,treehouse,Rootwell treehouse 3,98000,5600,5x6 to 8x8
62,3,Rootwell,treehouse,Rootwell treehouse 4,52500,3000,5x6 to 8x8
63,3,Rootwell,treehouse,Rootwell treehouse 5,70000,4000,5x6 to 8x8
64,3,Rootwell,treehouse,Rootwell treehouse 6,98000,5600,5x6 to 8x8
65,3,Rootwell,treehouse,Rootwell treehouse 7,52500,3000,5x6 to 8x8
66,3,Rootwell,treehouse,Rootwell treehouse 8,70000,4000,5x6 to 8x8
67,3,Rootwell,treehouse,Rootwell treehouse 9,98000,5600,5x6 to 8x8
68,3,Rootwell,treehouse,Rootwell treehouse 10,52500,3000,5x6 to 8x8
69,3,Rootwell,treehouse,Rootwell treehouse 11,70000,4000,5x6 to 8x8
70,3,Rootwell,treehouse,Rootwell treehouse 12,98000,5600,5x6 to 8x8
71,3,Rootwell,treehouse,Rootwell treehouse 13,52500,3000,5x6 to 8x8
72,3,Rootwell,treehouse,Rootwell treehouse 14,70000,4000,5x6 to 8x8
73,3,Rootwell,treehouse,Rootwell treehouse 15,98000,5600,5x6 to 8x8
74,3,Rootwell,treehouse,Rootwell treehouse 16,52500,3000,5x6 to 8x8
75,3,Rootwell,guildhall,Rootwell guildhall 1,400000,20000,"18x14, 2 levels"
76,4,Lakehold,house,Lakehold house 1,75000,4120,5x6 to 8x8
77,4,Lakehold,house,Lakehold house 2,100000,5500,5x6 to 8x8
78,4,Lakehold,house,Lakehold house 3,140000,7700,5x6 to 8x8
79,4,Lakehold,house,Lakehold house 4,75000,4120,5x6 to 8x8
80,4,Lakehold,house,Lakehold house 5,100000,5500,5x6 to 8x8
81,4,Lakehold,house,Lakehold house 6,140000,7700,5x6 to 8x8
82,4,Lakehold,house,Lakehold house 7,75000,4120,5x6 to 8x8
83,4,Lakehold,house,Lakehold house 8,100000,5500,5x6 to 8x8
84,4,Lakehold,house,Lakehold house 9,140000,7700,5x6 to 8x8
85,4,Lakehold,house,Lakehold house 10,75000,4120,5x6 to 8x8
86,4,Lakehold,house,Lakehold house 11,100000,5500,5x6 to 8x8
87,4,Lakehold,house,Lakehold house 12,140000,7700,5x6 to 8x8
88,4,Lakehold,house,Lakehold house 13,75000,4120,5x6 to 8x8
89,4,Lakehold,house,Lakehold house 14,100000,5500,5x6 to 8x8
90,4,Lakehold,house,Lakehold house 15,140000,7700,5x6 to 8x8
91,4,Lakehold,house,Lakehold house 16,75000,4120,5x6 to 8x8
92,5,Ringhold,house,Ringhold house 1,105000,5620,6x6 to 9x9
93,5,Ringhold,house,Ringhold house 2,140000,7500,6x6 to 9x9
94,5,Ringhold,house,Ringhold house 3,196000,10500,6x6 to 9x9
95,5,Ringhold,house,Ringhold house 4,105000,5620,6x6 to 9x9
96,5,Ringhold,house,Ringhold house 5,140000,7500,6x6 to 9x9
97,5,Ringhold,house,Ringhold house 6,196000,10500,6x6 to 9x9
98,5,Ringhold,house,Ringhold house 7,105000,5620,6x6 to 9x9
99,5,Ringhold,house,Ringhold house 8,140000,7500,6x6 to 9x9
100,5,Ringhold,house,Ringhold house 9,196000,10500,6x6 to 9x9
101,5,Ringhold,house,Ringhold house 10,105000,5620,6x6 to 9x9
102,5,Ringhold,house,Ringhold house 11,140000,7500,6x6 to 9x9
103,5,Ringhold,house,Ringhold house 12,196000,10500,6x6 to 9x9
104,5,Ringhold,guildhall,Ringhold guildhall 1,800000,40000,"22x16, 3 levels"
