secret_id,floor,name,tier,trigger,non_holder_gate,content
s1,1,The Underkeep,Large,drainage grate tile outside Hearthgate hall (use shovel),grate,"Growing dungeon, wings 1-5 open with world floors 1-5. See 14_SECRETS."
s2,1,Old Tusk,Large,step into the mud wallow east of Boar Camp B,thicket door,"Boar mini-boss, 30-min respawn, dye drop + Cinderstone"
s3,1,Miller's Race,Mid,pull the hidden lever under Millcross mill,mill cellar door,Three-lever race vs NPC time; pennant cosmetic. NOT the labyrinth levers.
s4,1,Inn Smith,Mid,use the false pantry shelf in Hearthgate inn,pantry door,Hidden shop: Hearth Stew recipe
s5,1,North Crack,Small,walk into the cracked ruin wall,crack tile,Shortcut ruin wall -> Millcross
s6,1,Firefly Seller,Small,enter the hollow behind Millcross well after 20:00 server time,hollow door,NPC sells Firefly Lamp (cosmetic light)
s7,1,Sealed Chest,Mid,open the chest in the ruined shrine,shrine door,"Seals room, 2 elites. Finding it by dying counts."
s8,1,Dye Well,Mid,step plates in order N-E-S-W,well-yard gate,One account-bound dye
s9,1,Empty Camp,Small,search the abandoned bedroll,camp tile,"Diary, 300 col, adds a line to the strategy book"
s10,1,Well Vein,Mid,rope down Hearthgate east well,rope spot,"Hearthroot/Cinderstone node, personal daily"
s11,1,Coward Pup,Small,enter the bramble ring from its south tile,bramble door,Rare pet-cosmetic spawn
s12,1,Gate Balcony,Small,climb the broken stair on the town gate,stair tile,"Cloak-scrap cosmetic, vista"
s13,2,Dry Cistern,Large,dig the cracked flagstone in Highrest square,flagstone hole,"Side dungeon, daily chest"
s14,2,Ridge Alpha,Large,climb the ledge with no road (rope),rope spot,Cat mini-boss
s15,2,Shrine Plates,Mid,touch the worn shrine,shrine door,Memory plates; cosmetic if perfect
s16,2,Herder,Mid,follow the lost calf to the gully,gully gate,Off-trail shop: food recipe
s17,2,Cliff Drop,Small,step off the marked cliff edge,edge tile,One-way drop into North Camp (camp has a normal exit)
s18,2,Bone Chime,Mid,ring the bone chime,chime cave door,Step tiles in chime order
s19,2,Hollow Bull,Large,enter the hollow log,log door,"Optional boss, instanced, party of 4"
s20,2,Wandering Stall,Mid,buy from the stall behind the barn,barn door,Shop moves once after the FIRST packet-holder purchase; copies point to the new spot; the old spot keeps a sign
s21,2,Fir Rumor,Large,enter the glade behind the marked fir,glade door,Boss spawns Sundays 20:00 ET for 30 min inside the gated glade; drops Debt Chip
s22,2,Cave Paint,Small,light the cave,cave door,Shows a floor-3 boss tell early
s23,2,Banner Cache,Small,search the collapsed tent,tent tile,Guild cloth cosmetic
s24,2,Loose Plank,Small,step the third plank of the rope bridge,plank tile,Storage room
s25,3,Hollow Baobab,Large,knock on the scarred trunk 3 times,trunk door,"Side dungeon, daily chest"
s26,3,Canopy Mother,Large,climb the vine on the north edge,vine tile,Mini-boss on the upper canopy
s27,3,Firefly Path,Mid,follow the fireflies into fog,path gate,"Fog path, wrong step resets. NOT the labyrinth lanterns."
s28,3,Root Apothecary,Mid,use the root curtain,curtain door,Hidden shop: cleanse tonic recipe
s29,3,Still Door,Small,stand still 3 seconds at the fog stone,door appears,Shortcut
s30,3,Lost Cutter,Mid,talk to the woodcutter at night,grove door,Escort quest; recipe reward
s31,3,Waking Root,Large,sit on the stump,stump door,"Optional boss, instanced; punishes movement"
s32,3,Mushroom Ring,Mid,step into the ring,ring tile,Memory circle; cosmetic
s33,3,Root Tunnel,Small,push the root aside,root tile,Connects east and west camps
s34,3,False Mapper,Small,buy a map from the cloaked man,cloak NPC (talks only to holders),Scam NPC; copies warn the buyer
s35,3,Weapon Master,Mid,answer the hermit's riddle,hermit door,Teaches one Keen recipe for your path. Retiered to Mid (not a fight).
s36,3,Stash Nest,Mid,search the owl nest,nest tile,Private box per packet holder
s37,4,Sunken Chapel,Large,dive at the bell buoy,dive tile,"Side dungeon, daily chest"
s38,4,Eel King,Large,throw bait off the dock end,dock trapdoor,Mini-boss under the dock
s39,4,Target Tiles,Mid,pull the archery lever,range gate,Cosmetic for clean run; any path
s40,4,Dock Smuggler,Mid,say the password carved under the dock planks (search the third pile),warehouse door,Shop: Broadhead recipe (better yield)
s41,4,The Unhelmed,Large,enter the drowned armory,armory door,"Optional boss, instanced; silence aura"
s42,4,Tide Gate,Small,wait at the gate during its window (20 min every 6h),tide gate,Dye
s43,4,Bottle Clerk,Small,read the message bottle,shack door,F3->F4 material trade at bad rate
s44,4,Bell Song,Mid,ring the four chapel bells in order,bell tower door,Cosmetic helm stand. NOT the labyrinth plates.
s45,4,Servant Passage,Small,use the kitchen hearth,hearth tile,Shortcut to the OUTSIDE of the labyrinth door; inactive until the field boss is dead
s46,4,Fish Pier,Mid,fish the rotten pier,pier gate,"Rare material fish, personal daily"
s47,4,Reflection Pool,Mid,drop a coin in the pool,grotto door,"Turns one common item into a dye, daily"
s48,4,Night Bell,Small,ring the bell at night,belfry door,Shows the next elite respawn on this floor to the ringer for 10 min
s49,5,Under-Arena,Large,pull the gladiator gate chain,chain gate,"Side dungeon, daily chest"
s50,5,Deserter Captain,Large,show a Deserter badge at the sealed barrack,barrack door,Mini-boss
s51,5,Bone Dice,Mid,sit at the dice table,table tile,Cosmetic pot; no col wager
s52,5,Quartermaster's Back Room,Mid,knock the supply crate,crate door,Hidden shop: F5 food recipe
s53,5,Cracked Copy,Large,touch the cracked statue,statue door,"Optional boss, instanced; two bodies, 10-s rule"
s54,5,War Table,Small,read the map table,tent door,Personal reveal of elite positions 30 min
s55,5,Collapsed Tunnel,Small,clear the rubble (shovel),rubble tile,Vista and Ringwalker title
s56,5,Quiet Cellar,Mid,use the wine rack,rack door,"Training dummy, +10% vs town dummy (the cap)"
s57,5,Mute Trader,Small,give the trader a Champion Seal,booth door,Boss-mat swap at bad rate
s58,5,Five Banners,Mid,throw the first of five banner switches,banner tile,Cosmetic cloak if one character throws all five
s59,5,Twin Dummies,Small,open the practice shed,shed door,Practice for the 10-s twin kill; no loot
s60,5,Kept Box,Mid,open the iron box,box tile,Opens only if you hold an UNSOLD packet from each of floors 1-4
